Названия товара,Цена товара (в рублях)
Toy DIY Black,1338
Toy DIY Clear,1338
Michinoku Dildo Jr Medium,2525
Arab Skin Color L Size,3750
Michinoku Dildo Jr Small,2318
Michinoku Dildo,3975
Arab Skin Color LL Size,5100
Arab Skin Color M Size,2663
Real Great,1725
Gekipita Softy L size,4875
Arab Skin Color S Size,1333
White Cock Professor M,3600
White Cock Sofutobaibu Hen,5588
White Cock Professor L,4200
Freedom Alpha Red,2100
Freedom Beta Blue,2100
Freedom Alpha Red,2100
God Blast,26700
Arab Suction Hard Black M,2681
Arab Suction Soft Flesh L,3600
Arab Suction Hard Black L,3600
Arab Suction Soft Flesh M,2681
Boss Silicone Wand Type A,3413
TenTenge 5,7050
TenTenge 4,4365
Ojamanstick,5363
TenTenge 6,8813
Erotic Partner Great,10163
Erotic Partner Small,9735
ANASTICK Soft,2523
ANACLOSER TYPE 01,2634
ANACLOSER TYPE 03,2634
ANACLOSER TYPE 02,2634
TenTenge Issun,1815
Boss Back Straight,6958
Tenjo Tenge NO.1,2565
Tenjo Tenge NO.2,3180
Tenjo Tenge NO.3,3660
Boss Silicone Wand Type C,3413
Boss Silicone Wand Type B,3413
Boss Silicone Dirudo S,3038
Boss Silicone Dirudo M,4125
Boss Silicone Dirudo L,6750
Makishimam L,13125
Makishimam M,12375
Give Me More Le Middle,5175
Give Me More Rena Small,5063
Give Me More Yukari Large,5570
Dokyo Me Me Vibe,2993
Dellcom ,7500
Finger Motion ,1726
Ny Sukuranburupen,3585
TenTenge Dan,4448
TenTenge Rasen,6675
Totsuge Niban,1980
Zettai Zetsumei 2Generation,9938
Totsuge Ichiban,1858
TenTenge 8,3900
Tenjo Tenge Pro (RO),4875
TenTenge 9,2445
